country,year,oil_production_kbbl_day
Nigeria,2012,2457.10929
Nigeria,2013,2307.317808
Nigeria,2014,2347.178082
Nigeria,2015,2171.16164383561
Nigeria,2016,1871.20491803278
Nigeria,2017,1945.89991780821
Nigeria,2018,1909.63522800632
Nigeria,2019,1945.64316504563
Nigeria,2020,1774.62998951531
Nigeria,2021,1522.56330410947
Nigeria,2022,1291.48452054789
Nigeria,2023,1441.67474746785
Nigeria,2024,1488.86957165419
Nigeria,2025,1605.41427817369
