country,year,flare_volume_bcm
Nigeria,2012,9.275499294403994
Nigeria,2013,9.268442414342166
Nigeria,2014,7.901176482949385
Nigeria,2015,7.18414355065838
Nigeria,2016,6.940026921859628
Nigeria,2017,7.839594997420722
Nigeria,2018,8.17197253812015
Nigeria,2019,8.242126712589622
Nigeria,2020,6.96725268882401
Nigeria,2021,6.540477298119297
Nigeria,2022,5.163807583550852
Nigeria,2023,5.099863256020609
Nigeria,2024,6.110239207844476
Nigeria,2025,6.600806177321631
