country,year,flare_intensity_m3_per_bbl
Nigeria,2012,10.342367324647388
Nigeria,2013,11.005416257770216
Nigeria,2014,9.222589041454578
Nigeria,2015,9.065462779420399
Nigeria,2016,10.161245412205266
Nigeria,2017,11.037742620843176
Nigeria,2018,11.72421074428845
Nigeria,2019,11.606017732988784
Nigeria,2020,10.756249834501068
Nigeria,2021,11.76904489743961
Nigeria,2022,10.954384517999353
Nigeria,2023,9.691664588859137
Nigeria,2024,11.243685618986449
Nigeria,2025,11.264631647841949
